{
  "killedby.teammate.rqhappy": {
    "sounds": [
      "taunts/killedby.teammate.rqhappy"
    ]
  },
  "killedby.enemy.rqhappy": {
    "sounds": [
      "taunts/killedby.enemy.rqhappy"
    ]
  },
  "killedby.teammate.kawaii_killer": {
    "sounds": [
      "taunts/killedby.teammate.kawaii_killer"
    ]
  },
  "killedby.enemy.kawaii_killer": {
    "sounds": [
      "taunts/killedby.enemy.kawaii_killer"
    ]
  },
  "killedby.teammate.os1ass": {
    "sounds": [
      "taunts/killedby.teammate.os1ass"
    ]
  },
  "killedby.enemy.os1ass": {
    "sounds": [
      "taunts/killedby.enemy.os1ass"
    ]
  },
  "killedby.teammate.cojiota": {
    "sounds": [
      "taunts/killedby.teammate.cojiota"
    ]
  },
  "killedby.enemy.cojiota": {
    "sounds": [
      "taunts/killedby.enemy.cojiota"
    ]
  },
  "killedby.teammate.monithaha": {
    "sounds": [
      "taunts/killedby.teammate.monithaha"
    ]
  },
  "killedby.enemy.monithaha": {
    "sounds": [
      "taunts/killedby.enemy.monithaha"
    ]
  },
  "killedby.teammate.vanopog": {
    "sounds": [
      "taunts/killedby.teammate.vanopog"
    ]
  },
  "killedby.enemy.vanopog": {
    "sounds": [
      "taunts/killedby.enemy.vanopog"
    ]
  },
  "killedby.teammate.teresh_psih": {
    "sounds": [
      "taunts/killedby.teammate.teresh_psih"
    ]
  },
  "killedby.enemy.teresh_psih": {
    "sounds": [
      "taunts/killedby.enemy.teresh_psih"
    ]
  },
  "killedby.teammate.joker91169": {
    "sounds": [
      "taunts/killedby.teammate.joker91169"
    ]
  },
  "killedby.enemy.joker91169": {
    "sounds": [
      "taunts/killedby.enemy.joker91169"
    ]
  },
  "killedby.teammate.salomaniac": {
    "sounds": [
      "taunts/killedby.teammate.salomaniac"
    ]
  },
  "killedby.enemy.salomaniac": {
    "sounds": [
      "taunts/killedby.enemy.salomaniac"
    ]
  },
  "killedby.teammate.padliva666": {
    "sounds": [
      "taunts/killedby.teammate.padliva666"
    ]
  },
  "killedby.enemy.padliva666": {
    "sounds": [
      "taunts/killedby.enemy.padliva666"
    ]
  },
  "killedby.teammate.maximaa": {
    "sounds": [
      "taunts/killedby.teammate.maximaa"
    ]
  },
  "killedby.enemy.maximaa": {
    "sounds": [
      "taunts/killedby.enemy.maximaa"
    ]
  },
  
  "dota.death": {
    "sounds": [
      "dota/dota_death"
    ]
  },
  "dota.respawn": {
    "sounds": [
      "dota/dota_respawn"
    ]
  },
  "dota.match_ready": {
    "sounds": [
      "dota/dota_match_ready"
    ]
  },
  "dota.team_kills_player": {
    "sounds": [
      "dota/dota_team_kills_player"
    ]
  },
  "dota.enemy_kills_player": {
    "sounds": [
      "dota/dota_enemy_kills_player"
    ]
  }
}
